{
"cal_generation_dt": "2026-02-26T12:59:38.324291",
"cal_input": "fiveband_calibration_data_kremens_ave.csv",
"temp_cal_input": "temperature_sensor_calibration.csv",
"r_top": 100000,
"v_top": 3300,
"bands": {
"MW": {
"N": 5.391419436845832,
"A": 2.8770248880307848e-12,
"G": 0.03715688065752486,
"AL": 2.8770248880307848e-12,
"bandpass": "DC-6216_u1_Saph_longwave.csv"
},
"LW": {
"N": 2.6544982944811473,
"A": 6.50736111229493e-05,
"G": 0.2984551329065739,
"AL": 6.50736111229493e-05,
"bandpass": "DC-6073_W1_8-14Si.csv"
},
"3.95": {
"N": 4.611535540073267,
"A": 1.6418353488954124e-11,
"G": 0.8118884409742415,
"AL": 1.6418353488954124e-11,
"bandpass": "DC-6726_R4_395CWL.csv"
},
"10.95": {
"N": 2.49696248491205,
"A": 2.9378280930391474e-05,
"G": 1.1904862911706773,
"AL": 2.9378280930391474e-05,
"bandpass": "DC-6725_1095CWL.csv"
},
"WIDE": {
"N": 4.1130442744648885,
"A": 1.8101353927436704e-08,
"G": 0.03846125921661537,
"AL": 1.8101353927436704e-08,
"bandpass": "DC-6169_KRS5.csv"
}
}
}