{
"cal_generation_dt": "2025-07-07T14:32:43.650533",
"cal_input": "ufm_calibration_data.csv",
"temp_cal_input": "temperature_sensor_calibration.csv",
"r_top": 100000,
"v_top": 3300,
"bands": {
"MW": {
"N": 5.3909695717308646,
"A": 2.885458546868358e-12,
"G": 0.058659913614032465,
"AL": 1.0810919517446684e-11
},
"LW": {
"N": 2.654098422445315,
"A": 6.524127804425951e-05,
"G": 0.44798961880401283,
"AL": 7.224746054199254e-05
},
"WIDE": {
"N": 4.112970448200349,
"A": 1.8110015368919423e-08,
"G": 0.046340671923771296,
"AL": 3.015376808360747e-08
}
}
}