{
"cal_generation_dt": "2024-09-25T12:47:03.003313",
"cal_input": "fb1_calibration_data.csv",
"temp_cal_input": "temperature_sensor_calibration.csv",
"LW_bandpass": "DC-6073_W1_8-14Si.csv",
"MW_bandpass": "DC-6216_u1_Saph_longwave.csv",
"LW_narrow_bandpass": "DC-6725_1095CWL.csv",
"MW_narrow_bandpass": "DC-6726_R4_395CWL.csv",
"WIDE_bandpass": "DC-6169_KRS5.csv",
"r_top": 100000,
"v_top": 3300,
"LW": {
"N": 2.6540458095976245,
"A": 6.525420952676087e-05,
"G": 0.4609916227787204,
"AL": 3.660421224411187e-08
},
"MW": {
"N": 5.390945824961897,
"A": 2.8859430280319023e-12,
"G": 0.05825305696863261,
"AL": 2.8438373137974288e-08
},
"LW_narrow": {
"N": 2.4964688805647497,
"A": 2.947404576385073e-05,
"G": 2.927282708755636,
"AL": 1.2111168467907431e-08
},
"MW_narrow": {
"N": 4.60980313123861,
"A": 1.6581687875320867e-11,
"G": 2.1537856197536875,
"AL": 3.8504425021316926e-09
},
"WIDE": {
"N": 4.113237208900355,
"A": 1.807885912346729e-08,
"G": 0.04630257906883099,
"AL": 5.713756844694188e-08
}
}