{
"cal_generation_dt": "2026-02-25T11:48:58.124205",
"cal_input": "fiveband_calibration_data_kremens_ave.csv",
"temp_cal_input": "temperature_sensor_calibration.csv",
"r_top": 100000,
"v_top": 3300,
"bands": {
"MW": {
"N": 5.391419436845832,
"A": 2.8770248880307848e-12,
"G": 0.037121500377629485,
"AL": 2.4399457510303406e-12
},
"LW": {
"N": 2.6544982944811473,
"A": 6.50736111229493e-05,
"G": 0.28172452840586687,
"AL": 3.7623690774141354e-05
},
"3.95": {
"N": 4.611535540073267,
"A": 1.6418353488954124e-11,
"G": 0.7241976125521216,
"AL": -5.406836291453121e-11
},
"10.95": {
"N": 2.49696248491205,
"A": 2.9378280930391474e-05,
"G": 1.0846030319359083,
"AL": 1.245005294658205e-05
},
"WIDE": {
"N": 4.1130442744648885,
"A": 1.8101353927436704e-08,
"G": 0.03823938734145511,
"AL": 1.42585771602725e-08
}
}
}