{
"cal_generation_dt": "2024-09-20T16:18:11.571857",
"cal_input": "fb1_calibration_data.csv",
"temp_cal_input": "temperature_sensor_calibration.csv",
"LW_bandpass": "DC-6073_W1_8-14Si.csv",
"MW_bandpass": "DC-6216_u1_Saph_longwave.csv",
"LW_narrow_bandpass": "DC-6725_1095CWL.csv",
"MW_narrow_bandpass": "DC-6726_R4_395CWL.csv",
"WIDE_bandpass": "DC-6169_KRS5.csv",
"r_top": 100000,
"v_top": 3300,
"LW": {
"N": 2.6536109041322393,
"A": 6.547039025023528e-05,
"G": 0.43025378990768054,
"AL": 5.9665925413220554e-05
},
"MW": {
"N": 5.391039374898417,
"A": 2.884168049434654e-12,
"G": -2.0523836580923766e-11,
"AL": 0.3806447377461493
},
"LW_narrow": {
"N": 2.4952090118407395,
"A": 2.9705916868487784e-05,
"G": 2.619127229119329,
"AL": 5.627455838328601e-05
},
"MW_narrow": {
"N": 4.566510732428734,
"A": 2.095304032338654e-11,
"G": -2.2734217209182063e-06,
"AL": 0.0003939904910303408
},
"WIDE": {
"N": 4.114111670487824,
"A": 1.7977050495477738e-08,
"G": 0.045342955687704634,
"AL": 2.4025456880406676e-08
}
}