{
"cal_generation_dt": "2024-09-25T12:48:51.197232",
"cal_input": "fb1_calibration_data_remove_highest_temp.csv",
"temp_cal_input": "temperature_sensor_calibration.csv",
"LW_bandpass": "DC-6073_W1_8-14Si.csv",
"MW_bandpass": "DC-6216_u1_Saph_longwave.csv",
"LW_narrow_bandpass": "DC-6725_1095CWL.csv",
"MW_narrow_bandpass": "DC-6726_R4_395CWL.csv",
"WIDE_bandpass": "DC-6169_KRS5.csv",
"r_top": 100000,
"v_top": 3300,
"LW": {
"N": 2.751300430434786,
"A": 3.5175885102075644e-05,
"G": 0.4387133903678758,
"AL": 3.113238696661786e-08
},
"MW": {
"N": 5.547031867540205,
"A": 1.0508597533587876e-12,
"G": 0.057077631876872245,
"AL": 2.191633405104727e-08
},
"LW_narrow": {
"N": 2.581783831294212,
"A": 1.7155138882502593e-05,
"G": 2.08011113925063,
"AL": 8.269824962602421e-09
},
"MW_narrow": {
"N": 4.702895021057199,
"A": 9.096285416980796e-12,
"G": 1.377063409261532,
"AL": 9.47116602670883e-10
},
"WIDE": {
"N": 4.135428350939964,
"A": 1.5674560524680754e-08,
"G": 0.04541906935585507,
"AL": 5.037819693033941e-08
}
}