{
"cal_generation_dt": "2026-02-25T12:31:55.646212",
"cal_input": "fiveband_calibration_data_kremens_ave.csv",
"temp_cal_input": "temperature_sensor_calibration.csv",
"r_top": 100000,
"v_top": 3300,
"bands": {
"MW": {
"N": 5.391419436845832,
"A": 2.8770248880307848e-12,
"G": 0.03729091113467686,
"AL": 3.659116600355542e-12
},
"LW": {
"N": 2.6544982944811473,
"A": 6.50736111229493e-05,
"G": 0.2875118470941111,
"AL": 4.9265783448466756e-05
},
"3.95": {
"N": 4.611535540073267,
"A": 1.6418353488954124e-11,
"G": 0.700225221154273,
"AL": -8.456363256041435e-11
},
"10.95": {
"N": 2.49696248491205,
"A": 2.9378280930391474e-05,
"G": 1.102465337341857,
"AL": 1.636721647411349e-05
},
"WIDE": {
"N": 4.1130442744648885,
"A": 1.8101353927436704e-08,
"G": 0.03865321728857551,
"AL": 2.0283400372492915e-08
}
}
}