{
"cal_generation_dt": "2025-07-07T14:22:12.402635",
"cal_input": "fb1_calibration_data_remove_highest_temp.csv",
"temp_cal_input": "temperature_sensor_calibration.csv",
"r_top": 100000,
"v_top": 3300,
"bands": {
"MW": {
"N": 5.5470559953231,
"A": 1.0506806136279533e-12,
"G": 0.057334404842572836,
"AL": 3.4040253327737858e-12
},
"LW": {
"N": 2.7513530316863046,
"A": 3.516890538873486e-05,
"G": 0.43169401834169624,
"AL": 3.6069692247786854e-05
},
"3.95": {
"N": 4.704055114239056,
"A": 9.040026311897073e-12,
"G": 1.3786930720458805,
"AL": 1.7501638865934825e-11
},
"10.95": {
"N": 2.5819320746837047,
"A": 1.713745962642829e-05,
"G": 2.0181381191741905,
"AL": 2.533888896503153e-05
},
"WIDE": {
"N": 4.135214427589457,
"A": 1.569624286166902e-08,
"G": 0.04544893846859381,
"AL": 2.342888778540131e-08
}
}
}