{
"cal_generation_dt": "2024-09-23T12:07:45.719478",
"cal_input": "fb1_calibration_data.csv",
"temp_cal_input": "temperature_sensor_calibration.csv",
"LW_bandpass": "DC-6073_W1_8-14Si.csv",
"MW_bandpass": "DC-6216_u1_Saph_longwave.csv",
"LW_narrow_bandpass": "DC-6725_1095CWL.csv",
"MW_narrow_bandpass": "DC-6726_R4_395CWL.csv",
"WIDE_bandpass": "DC-6169_KRS5.csv",
"r_top": 100000,
"v_top": 3300,
"LW": {
"N": 2.6536109041322393,
"A": 6.547039025023528e-05,
"G": 0.44450459689273575,
"AL": 7.01521930591386e-05
},
"MW": {
"N": 5.391039374898417,
"A": 2.884168049434654e-12,
"G": 0.0583708585302165,
"AL": 1.0254633339957571e-11
},
"LW_narrow": {
"N": 2.4952090118407395,
"A": 2.9705916868487784e-05,
"G": 2.7819550945304203,
"AL": 6.111693906107595e-05
},
"MW_narrow": {
"N": 4.566510732428734,
"A": 2.095304032338654e-11,
"G": 2.266888579404946,
"AL": 1.363886730919957e-10
},
"WIDE": {
"N": 4.114111670487824,
"A": 1.7977050495477738e-08,
"G": 0.04632625135178499,
"AL": 2.988252664552907e-08
}
}