{
"cal_generation_dt": "2024-09-26T10:38:00.322592",
"cal_input": "fb1_calibration_data_remove_highest_temp.csv",
"temp_cal_input": "temperature_sensor_calibration.csv",
"r_top": 100000,
"v_top": 3300,
"bands": {
"band": {
"N": 4.135428350939964,
"A": 1.5674560524680754e-08,
"G": 0.045447014010268016,
"AL": 2.3389751601592207e-08
}
}
}